title,link,publish_time,summary,category,thread_id,author,reply_count,view_count,source_page,crawl_time
【朝阳区】验证大胸妹子的服务体验,https://xhg20260430.xhg303.one/forum.php?mod=viewthread&tid=811063&extra=page%3D1,2025-04-15 14:30,,最新信息,811063,test_user1,128,5200,https://xhg20260430.xhg303.one/forum.php?mod=forumdisplay&fid=2,2026-04-30T15:40:00
【海淀区】新来的兼职学生妹,https://xhg20260430.xhg303.one/forum.php?mod=viewthread&tid=811064&extra=page%3D1,2025-04-16 10:20,,最新信息,811064,test_user2,85,3100,https://xhg20260430.xhg303.one/forum.php?mod=forumdisplay&fid=2,2026-04-30T15:40:01
【东城区】高端SPA会所体验,https://xhg20260430.xhg303.one/forum.php?mod=viewthread&tid=811065&extra=page%3D1,2025-04-17 08:45,,最新信息,811065,test_user3,56,1890,https://xhg20260430.xhg303.one/forum.php?mod=forumdisplay&fid=2,2026-04-30T15:40:02
【自荐】本人高素质提供优质服务,https://xhg20260430.xhg303.one/forum.php?mod=viewthread&tid=811066&extra=page%3D1,,个人简介：25岁，身高165，体重48kg，肤白貌美，服务态度好...,自荐认证,811066,self_recommend1,35,,https://xhg20260430.xhg303.one/forum.php?mod=forumdisplay&fid=47,2026-04-30T15:40:03
【自荐】新来京大学生兼职,https://xhg20260430.xhg303.one/forum.php?mod=viewthread&tid=811067&extra=page%3D1,,大学生兼职，年龄22，服务认真，非诚勿扰...,自荐认证,811067,self_recommend2,18,,https://xhg20260430.xhg303.one/forum.php?mod=forumdisplay&fid=47,2026-04-30T15:40:04
南山吞精~悦悦,https://xhg20260430.xhg303.one/forum.php?mod=viewthread&tid=811593,半小时前,艺名：悦悦(个人自做自聊） 芳龄：27 ...,,811593,,,1299,https://xhg20260430.xhg303.one/forum.php?mod=forumdisplay&fid=2,2026-04-30T16:34:57.341268
闵行风骚妩媚小姨子,https://xhg20260430.xhg303.one/forum.php?mod=viewthread&tid=811577,半小时前,已经是第三次去了，很风骚的一个少妇 ...,,811577,,,691,https://xhg20260430.xhg303.one/forum.php?mod=forumdisplay&fid=2,2026-04-30T16:34:57.341268
白云区莞式熟女少妇包夜,https://xhg20260430.xhg303.one/forum.php?mod=viewthread&tid=811428,2 小时前,第二次包夜了，现在这种价格的纯骚逼 ...,,811428,,,4597,https://xhg20260430.xhg303.one/forum.php?mod=forumdisplay&fid=2,2026-04-30T16:34:57.342268
历城毒龙女王,https://xhg20260430.xhg303.one/forum.php?mod=viewthread&tid=811416,2 小时前,约的这个少妇胸大屁股大，S曲线货真 ...,,811416,,,2575,https://xhg20260430.xhg303.one/forum.php?mod=forumdisplay&fid=2,2026-04-30T16:34:57.342268
滨海兼职纯情小女友,https://xhg20260430.xhg303.one/forum.php?mod=viewthread&tid=811396,2 小时前,妹妹属于青春颜值系，身材也很不错， ...,,811396,,,1969,https://xhg20260430.xhg303.one/forum.php?mod=forumdisplay&fid=2,2026-04-30T16:34:57.342268
宝安西乡亲表姐妹双飞莞式水床服务小倩,https://xhg20260430.xhg303.one/forum.php?mod=viewthread&tid=811359,3 小时前,艺名：小倩 芳龄：26岁 身高：165cm ...,,811359,,,3093,https://xhg20260430.xhg303.one/forum.php?mod=forumdisplay&fid=2,2026-04-30T16:34:57.342268
新人下海敏感易高潮,https://xhg20260430.xhg303.one/forum.php?mod=viewthread&tid=811348,3 小时前,朋友推荐的小姐姐，进门就被惊艳到了 ...,,811348,,,5373,https://xhg20260430.xhg303.one/forum.php?mod=forumdisplay&fid=2,2026-04-30T16:34:57.342268
吴江性感御姐,https://xhg20260430.xhg303.one/forum.php?mod=viewthread&tid=811297,4 小时前,非常性感的一个御姐，床上风骚妩媚， ...,,811297,,,2835,https://xhg20260430.xhg303.one/forum.php?mod=forumdisplay&fid=2,2026-04-30T16:34:57.342268
大奶少妇,https://xhg20260430.xhg303.one/forum.php?mod=viewthread&tid=811077,昨天 23:15,特别骚的一个女的，下海不久，技术特 ...,,811077,,,14006,https://xhg20260430.xhg303.one/forum.php?mod=forumdisplay&fid=2,2026-04-30T16:34:57.342268
东站泄火丰满三通熟女,https://xhg20260430.xhg303.one/forum.php?mod=viewthread&tid=811074,昨天 23:07,通过朋友认识的姐姐，性格开朗热情， ...,,811074,,,14853,https://xhg20260430.xhg303.one/forum.php?mod=forumdisplay&fid=2,2026-04-30T16:34:57.342268
胸大逼水多,https://xhg20260430.xhg303.one/forum.php?mod=viewthread&tid=811073,昨天 23:05,人和照片没有什么出入人很好很听话， ...,,811073,,,13534,https://xhg20260430.xhg303.one/forum.php?mod=forumdisplay&fid=2,2026-04-30T16:34:57.342268
朝阳白虎颜值服务系嫩妹,https://xhg20260430.xhg303.one/forum.php?mod=viewthread&tid=811066,昨天 22:27,到了地方，跟着小区住户走进去了，上 ...,,811066,,,14422,https://xhg20260430.xhg303.one/forum.php?mod=forumdisplay&fid=2,2026-04-30T16:34:57.342268
南京兼职大奶熟妇,https://xhg20260430.xhg303.one/forum.php?mod=viewthread&tid=811063,昨天 22:18,熟妇算是熟人了，闲来无事去重温下， ...,,811063,,,4628,https://xhg20260430.xhg303.one/forum.php?mod=forumdisplay&fid=2,2026-04-30T16:34:57.342268
黄岛长腿少妇（ 自聊自做）,https://xhg20260430.xhg303.one/forum.php?mod=viewthread&tid=811062,昨天 22:18,朋友推荐，本人长腿控，果断约上，到 ...,,811062,,,17478,https://xhg20260430.xhg303.one/forum.php?mod=forumdisplay&fid=2,2026-04-30T16:34:57.342268
朝阳风骚女友感老师,https://xhg20260430.xhg303.one/forum.php?mod=viewthread&tid=811060,昨天 22:10,二刷老师了，忙完工作准备回家洗澡在 ...,,811060,,,6110,https://xhg20260430.xhg303.one/forum.php?mod=forumdisplay&fid=2,2026-04-30T16:34:57.342268
SM骚货姐姐,https://xhg20260430.xhg303.one/forum.php?mod=viewthread&tid=811059,昨天 22:02,老师SM单1000双1800夜3000。老师是最 ...,,811059,,,13164,https://xhg20260430.xhg303.one/forum.php?mod=forumdisplay&fid=2,2026-04-30T16:34:57.342268
南开骚妇娜娜,https://xhg20260430.xhg303.one/forum.php?mod=viewthread&tid=811058,昨天 21:56,提前约了娜娜老师的课，刚进门老师就 ...,,811058,,,6050,https://xhg20260430.xhg303.one/forum.php?mod=forumdisplay&fid=2,2026-04-30T16:34:57.342268
浦东服务性小少妇,https://xhg20260430.xhg303.one/forum.php?mod=viewthread&tid=811055,昨天 21:48,关注田田很久了，今天约课，刚好有位 ...,,811055,,,4802,https://xhg20260430.xhg303.one/forum.php?mod=forumdisplay&fid=2,2026-04-30T16:34:57.342268
瑶海口活一绝性感妹妹,https://xhg20260430.xhg303.one/forum.php?mod=viewthread&tid=811052,昨天 21:31,这是四月第三次返食这个妹子了，体验 ...,,811052,,,3506,https://xhg20260430.xhg303.one/forum.php?mod=forumdisplay&fid=2,2026-04-30T16:34:57.342268
石家庄媛媛400,https://xhg20260430.xhg303.one/forum.php?mod=viewthread&tid=811050,昨天 21:17,服务很不错的一个少妇，进门先给你拿 ...,,811050,,,8796,https://xhg20260430.xhg303.one/forum.php?mod=forumdisplay&fid=2,2026-04-30T16:34:57.342268
小店区颜值少妇,https://xhg20260430.xhg303.one/forum.php?mod=viewthread&tid=811046,昨天 21:09,约过姐姐好几次了，床上风骚妩媚，特 ...,,811046,,,7995,https://xhg20260430.xhg303.one/forum.php?mod=forumdisplay&fid=2,2026-04-30T16:34:57.342268
